{
  "total_keywords": 80157,
  "top_tier_count": 15000,
  "long_tail_count": 65157,
  "top_tier_min_score": 4.6708190384005155,
  "top_tier_max_score": 22.140255819682807,
  "preprocessed_at": "2025-10-22T09:57:04.109Z"
}